[
  {
    "value": "pepper",
    "synonyms": [
      "pepper"
    ]
  },
  {
    "value": "mushroom",
    "synonyms": [
      "mushroom",
      "mushrooms"
    ]
  },
  {
    "value": "cheese",
    "synonyms": [
      "cheese"
    ]
  },
  {
    "value": "sausage",
    "synonyms": [
      "sausage"
    ]
  },
  {
    "value": "onion",
    "synonyms": [
      "onion",
      "onions"
    ]
  },
  {
    "value": "ham",
    "synonyms": [
      "ham"
    ]
  },
  {
    "value": "pepperoni",
    "synonyms": [
      "pepperoni"
    ]
  },
  {
    "value": "spinach",
    "synonyms": [
      "spinach"
    ]
  },
  {
    "value": "green onions",
    "synonyms": [
      "green onions",
      "spring onions"
    ]
  },
  {
    "value": "Hawaiian",
    "synonyms": [
      "Hawaiian"
    ]
  },
  {
    "value": "pineapple",
    "synonyms": [
      "pineapple"
    ]
  }
]