[
  {
    "id": "bd382e96-305f-421d-9e59-380f3befd98a",
    "data": [
      {
        "text": "Let\u0027s add ",
        "userDefined": false
      },
      {
        "text": "ham",
        "meta": "@topping",
        "alias": "topping",
        "userDefined": false
      },
      {
        "text": ", ",
        "userDefined": false
      },
      {
        "text": "cheese",
        "meta": "@topping",
        "alias": "topping",
        "userDefined": false
      },
      {
        "text": ", and pineapple.",
        "userDefined": false
      }
    ],
    "isTemplate": false,
    "count": 0,
    "lang": "en",
    "updated": 0
  },
  {
    "id": "11399f03-9650-43a6-9665-fce025218fdd",
    "data": [
      {
        "text": "I want the Hawaiian",
        "userDefined": false
      }
    ],
    "isTemplate": false,
    "count": 0,
    "lang": "en",
    "updated": 0
  },
  {
    "id": "d362d36d-ef50-4807-a3d1-817d864e5a91",
    "data": [
      {
        "text": "I want ",
        "userDefined": false
      },
      {
        "text": "ham",
        "meta": "@topping",
        "alias": "topping",
        "userDefined": false
      },
      {
        "text": " and pineapple",
        "userDefined": false
      }
    ],
    "isTemplate": false,
    "count": 0,
    "lang": "en",
    "updated": 0
  },
  {
    "id": "7adb4be1-6fd2-4b34-9656-5a55a1a207ad",
    "data": [
      {
        "text": "I want ",
        "userDefined": false
      },
      {
        "text": "cheese",
        "meta": "@topping",
        "alias": "topping",
        "userDefined": false
      },
      {
        "text": ", ",
        "userDefined": false
      },
      {
        "text": "mushrooms",
        "meta": "@topping",
        "alias": "topping",
        "userDefined": false
      },
      {
        "text": ", and ",
        "userDefined": false
      },
      {
        "text": "pepperoni",
        "meta": "@topping",
        "alias": "topping",
        "userDefined": false
      },
      {
        "text": " on my pizza",
        "userDefined": false
      }
    ],
    "isTemplate": false,
    "count": 0,
    "lang": "en",
    "updated": 0
  },
  {
    "id": "ec88dad9-fb23-4a30-8649-daa5c70cac29",
    "data": [
      {
        "text": "I want to order a ",
        "userDefined": false
      },
      {
        "text": "large",
        "meta": "@size",
        "alias": "size",
        "userDefined": true
      },
      {
        "text": " pizza",
        "userDefined": false
      }
    ],
    "isTemplate": false,
    "count": 0,
    "lang": "en",
    "updated": 0
  },
  {
    "id": "23f0c860-3ab8-4438-8491-349350daec15",
    "data": [
      {
        "text": "I want a ",
        "userDefined": false
      },
      {
        "text": "chicken",
        "meta": "@topping",
        "alias": "topping",
        "userDefined": true
      },
      {
        "text": " pizza",
        "userDefined": false
      }
    ],
    "isTemplate": false,
    "count": 0,
    "lang": "en",
    "updated": 0
  },
  {
    "id": "7606abc9-48bb-4ee0-bcb1-8ad72bb520c1",
    "data": [
      {
        "text": "I\u0027d like to order a pizza for pickup in ",
        "userDefined": false
      },
      {
        "text": "1 hour",
        "meta": "@sys.time",
        "alias": "time",
        "userDefined": true
      }
    ],
    "isTemplate": false,
    "count": 0,
    "lang": "en",
    "updated": 0
  },
  {
    "id": "f1684950-5c0a-42c0-8313-9e0f2ec9604d",
    "data": [
      {
        "text": "I want a pizza with ",
        "userDefined": false
      },
      {
        "text": "pepper",
        "meta": "@topping",
        "alias": "topping",
        "userDefined": true
      },
      {
        "text": " and ",
        "userDefined": false
      },
      {
        "text": "mushroom",
        "meta": "@topping",
        "alias": "topping",
        "userDefined": true
      }
    ],
    "isTemplate": false,
    "count": 0,
    "lang": "en",
    "updated": 0
  },
  {
    "id": "da3dbfc4-c0fa-41a7-abf7-04337afe1a2a",
    "data": [
      {
        "text": "I\u0027d like to order a ",
        "userDefined": false
      },
      {
        "text": "small",
        "meta": "@size",
        "alias": "size",
        "userDefined": true
      },
      {
        "text": " pizza with ",
        "userDefined": false
      },
      {
        "text": "mushrooms",
        "meta": "@topping",
        "alias": "topping",
        "userDefined": true
      }
    ],
    "isTemplate": false,
    "count": 0,
    "lang": "en",
    "updated": 0
  },
  {
    "id": "6c1734ac-ebb3-442a-85ea-4b1605e2aa99",
    "data": [
      {
        "text": "I want to order a ",
        "userDefined": false
      },
      {
        "text": "cheese",
        "meta": "@topping",
        "alias": "topping",
        "userDefined": true
      },
      {
        "text": " pizza for pickup ",
        "userDefined": false
      },
      {
        "text": "today",
        "meta": "@sys.ignore",
        "userDefined": true
      },
      {
        "text": " at ",
        "userDefined": false
      },
      {
        "text": "noon",
        "meta": "@sys.time",
        "alias": "time",
        "userDefined": true
      }
    ],
    "isTemplate": false,
    "count": 0,
    "lang": "en",
    "updated": 0
  },
  {
    "id": "f6fb3a27-1119-4de3-b3ec-2c72f4d601f6",
    "data": [
      {
        "text": "Can I order a cheese pizza for ",
        "userDefined": false
      },
      {
        "text": "1pm",
        "meta": "@sys.time",
        "alias": "time",
        "userDefined": true
      },
      {
        "text": "  ",
        "userDefined": false
      },
      {
        "text": "tomorrow",
        "meta": "@sys.ignore",
        "userDefined": true
      },
      {
        "text": "?",
        "userDefined": false
      }
    ],
    "isTemplate": false,
    "count": 0,
    "lang": "en",
    "updated": 0
  }
]