[
  {
    "value": "pepper",
    "synonyms": [
      "pepper"
    ]
  },
  {
    "value": "mushroom",
    "synonyms": [
      "mushroom",
      "mushrooms"
    ]
  },
  {
    "value": "cheese",
    "synonyms": [
      "cheese"
    ]
  },
  {
    "value": "sausage",
    "synonyms": [
      "sausage"
    ]
  },
  {
    "value": "onion",
    "synonyms": [
      "onion",
      "onions"
    ]
  },
  {
    "value": "ham",
    "synonyms": [
      "ham"
    ]
  },
  {
    "value": "pepperoni",
    "synonyms": [
      "pepperoni"
    ]
  },
  {
    "value": "spinach",
    "synonyms": [
      "spinach"
    ]
  },
  {
    "value": "chicken",
    "synonyms": [
      "chicken"
    ]
  },
  {
    "value": "pineapple",
    "synonyms": [
      "pineapple"
    ]
  }
]